[
  {
    "ID": 0,
    "Title": "Nagas",
    "Description": "abcdef",
    "PageCount": 111,
    "Excerpt": "1234",
    "PublishDate": "2018-05-15T06:36:23.126Z"
  },
  {
    "ID": 1,
    "Title": "HC Verma",
    "Description": "wxyz",
    "PageCount": 0,
    "Excerpt": "1234",
    "PublishDate": "2017-04-21T06:36:23.126Z"
  },
  {
    "ID": 2,
    "Title": "Love Story",
    "Description": "pqrst",
    "PageCount": 0,
    "Excerpt": "1234",
    "PublishDate": "2017-05-11T06:36:23.126Z"
  },
  {
    "ID": 3,
    "Title": "Meluha",
    "Description": "Meluha",
    "PageCount": 234,
    "Excerpt": "dzgvzdg",
    "PublishDate": "2017-11-10T06:36:23.126Z"
  },
  {
    "ID": 4,
    "Title": "Six Suspects",
    "Description": "srgsrgh",
    "PageCount": 0,
    "Excerpt": "1234",
    "PublishDate": "2015-06-11T06:36:23.126Z"
  },
  {
    "ID": 5,
    "Title": "Inferno",
    "Description": "psdaghqrst",
    "PageCount": 123,
    "Excerpt": "1234",
    "PublishDate": "2011-05-11T06:36:23.126Z"
  },
  {
    "ID": 6,
    "Title": "The Lost Symbol",
    "Description": "pqygsrhgrst",
    "PageCount": 500,
    "Excerpt": "zdgzhh",
    "PublishDate": "2017-01-11T06:36:23.126Z"
  }
]